result,period,elapsed,x
0,1,11.266666666666667,-0.2652777777777777
1,1,10.583333333333334,-0.27951388888888884
1,1,8.933333333333334,-0.3138888888888889
1,1,5.9,-0.3770833333333333
1,1,3.3,-0.43125
1,1,2.316666666666667,-0.4517361111111111
1,1,0.6666666666666666,-0.4861111111111111
1,1,0.11666666666666667,-0.49756944444444445
0,2,19.583333333333332,-0.0920138888888889
0,2,19.416666666666668,-0.0954861111111111
1,2,18.366666666666667,-0.11736111111111108
1,2,14.6,-0.19583333333333336
1,2,14.183333333333334,-0.20451388888888888
0,2,13.2,-0.22500000000000003
1,2,12.483333333333333,-0.2399305555555556
0,2,12.066666666666666,-0.24861111111111112
0,3,31.916666666666668,0.16493055555555558
0,3,29.5,0.11458333333333337
0,3,26.15,0.044791666666666674
0,3,24.85,0.017708333333333326
0,1,11.45,-0.26145833333333335
1,1,10.483333333333333,-0.2815972222222223
0,1,9.1,-0.3104166666666667
1,1,8.683333333333334,-0.31909722222222225
0,1,7.566666666666666,-0.3423611111111111
1,1,5.45,-0.38645833333333335
1,1,3.4,-0.4291666666666667
1,2,19.8,-0.08749999999999997
1,2,15.666666666666666,-0.1736111111111111
0,2,14.216666666666667,-0.20381944444444444
0,2,13.4,-0.22083333333333333
0,2,12.233333333333333,-0.2451388888888889
1,3,34.016666666666666,0.20868055555555554
0,3,33.05,0.1885416666666666
1,3,31.71666666666667,0.16076388888888893
0,3,29.933333333333334,0.12361111111111112
1,3,28.483333333333334,0.09340277777777783
1,3,27,0.0625
1,3,26.55,0.05312499999999998
1,3,25.3,0.027083333333333348
0,3,24.533333333333335,0.011111111111111183
0,3,24.016666666666666,3.472222222221655e-4
0,4,43.18333333333334,0.39965277777777786
0,4,40.583333333333336,0.34548611111111116
1,4,40.53333333333333,0.34444444444444444
0,4,40.06666666666666,0.33472222222222214
0,4,37.766666666666666,0.28680555555555554
0,1,10.516666666666667,-0.2809027777777777
1,1,10.1,-0.2895833333333333
1,1,9.133333333333333,-0.30972222222222223
1,1,7.4,-0.3458333333333333
1,1,6.616666666666666,-0.36215277777777777
1,1,6.166666666666667,-0.3715277777777778
0,1,5.216666666666667,-0.39131944444444444
1,1,5.016666666666667,-0.3954861111111111
0,1,4.1,-0.41458333333333336
1,1,3.1333333333333333,-0.43472222222222223
1,1,2.2333333333333334,-0.4534722222222222
0,1,1.5833333333333333,-0.4670138888888889
1,1,0.75,-0.484375
0,1,0.55,-0.48854166666666665
0,2,19.633333333333333,-0.09097222222222223
0,2,19.46666666666667,-0.09444444444444439
1,2,18.383333333333333,-0.11701388888888892
0,2,15.433333333333334,-0.1784722222222222
1,2,13.366666666666667,-0.22152777777777777
1,2,12.583333333333334,-0.2378472222222222
0,2,12.066666666666666,-0.24861111111111112
1,3,34.28333333333333,0.21423611111111107
1,3,32.56666666666666,0.17847222222222214
0,3,31.65,0.15937499999999993
0,3,30.46666666666667,0.1347222222222223
0,3,30.366666666666667,0.13263888888888886
0,3,29.25,0.109375
0,3,28.6,0.09583333333333333
0,3,27,0.0625
0,3,25.116666666666667,0.023263888888888862
0,4,45.13333333333333,0.44027777777777777
1,4,44.983333333333334,0.43715277777777783
1,4,44.28333333333333,0.42256944444444444
1,4,43.93333333333334,0.41527777777777786
0,4,43.31666666666666,0.4024305555555555
0,4,41.666666666666664,0.36805555555555547
1,4,40.25,0.33854166666666663
1,4,39.81666666666667,0.329513888888889
1,4,39.25,0.31770833333333337
0,4,38.65,0.3052083333333333
0,4,38.1,0.29375000000000007
1,4,37.35,0.27812500000000007
0,4,36.75,0.265625
0,1,11.216666666666667,-0.26631944444444444
1,1,9.9,-0.29374999999999996
1,1,7.083333333333333,-0.3524305555555556
1,1,4.683333333333334,-0.40243055555555557
1,1,1.3,-0.47291666666666665
1,1,0.9166666666666666,-0.4809027777777778
0,2,19.5,-0.09375
0,2,16.766666666666666,-0.15069444444444446
0,2,13.6,-0.21666666666666667
0,2,13.183333333333334,-0.2253472222222222
0,2,12.483333333333333,-0.2399305555555556
1,3,34.53333333333333,0.21944444444444444
1,3,32.833333333333336,0.1840277777777778
0,3,28.833333333333332,0.10069444444444442
0,3,28.03333333333333,0.0840277777777777
1,3,25.616666666666667,0.0336805555555556
1,3,24.9,0.018749999999999933
1,4,40.46666666666667,0.34305555555555556
1,4,39.46666666666667,0.3222222222222223
0,1,9.216666666666667,-0.30798611111111107
1,1,7.583333333333333,-0.3420138888888889
0,1,5.8,-0.37916666666666665
0,1,4.333333333333333,-0.4097222222222222
0,1,4.233333333333333,-0.41180555555555554
0,1,2.783333333333333,-0.4420138888888889
1,2,20.3,-0.07708333333333334
1,2,18.316666666666666,-0.1184027777777778
0,2,17.083333333333332,-0.14409722222222227
0,2,16.083333333333332,-0.16493055555555558
1,2,15.766666666666666,-0.17152777777777778
1,2,14.733333333333334,-0.19305555555555554
1,2,12.566666666666666,-0.23819444444444443
1,3,32.61666666666667,0.17951388888888886
0,3,32.233333333333334,0.17152777777777783
1,1,10.6,-0.2791666666666667
1,1,8.933333333333334,-0.3138888888888889
1,1,7.816666666666666,-0.33715277777777775
1,1,7.45,-0.34479166666666666
0,1,1.7666666666666666,-0.46319444444444446
0,1,0.5666666666666667,-0.48819444444444443
0,2,17.583333333333332,-0.13368055555555558
1,2,17.28333333333333,-0.1399305555555556
1,2,16.916666666666668,-0.14756944444444442
1,2,15.633333333333333,-0.17430555555555555
0,2,12.033333333333333,-0.24930555555555556
0,3,34.46666666666667,0.21805555555555556
1,3,34.03333333333333,0.2090277777777777
0,3,31.2,0.15000000000000002
0,3,29.75,0.11979166666666663
1,3,26.35,0.048958333333333326
0,3,25.216666666666665,0.025347222222222188
0,3,24.533333333333335,0.011111111111111183
0,4,43.766666666666666,0.41180555555555554
0,4,43.233333333333334,0.40069444444444446
0,4,40.86666666666667,0.35138888888888886
0,4,40.68333333333334,0.3475694444444445
1,4,39.233333333333334,0.3173611111111111
0,4,37.86666666666667,0.28888888888888886
1,4,37.05,0.271875
1,4,36.45,0.259375
0,4,36.36666666666667,0.25763888888888886
0,4,36.2,0.25416666666666676
0,4,36.03333333333333,0.25069444444444444
1,1,10.7,-0.27708333333333335
0,1,9.566666666666666,-0.3006944444444445
0,1,8.35,-0.3260416666666667
0,1,6.1,-0.3729166666666667
1,1,4.566666666666666,-0.4048611111111111
0,1,2.566666666666667,-0.44652777777777775
1,1,1,-0.4791666666666667
0,1,0.6833333333333333,-0.4857638888888889
1,1,0.48333333333333334,-0.48993055555555554
0,2,17.21666666666667,-0.1413194444444444
0,2,17.1,-0.14375
0,2,16.916666666666668,-0.14756944444444442
1,2,16.85,-0.1489583333333333
0,3,33.68333333333334,0.20173611111111123
0,3,27.883333333333333,0.08090277777777777
0,3,27.616666666666667,0.07534722222222223
0,3,24.8,0.01666666666666672
0,4,42.266666666666666,0.38055555555555554
0,4,39.05,0.3135416666666666
0,4,37.6,0.2833333333333333
0,1,9.533333333333333,-0.30138888888888893
0,1,7.116666666666666,-0.35173611111111114
1,1,3.4166666666666665,-0.4288194444444444
0,1,2.4,-0.45
0,1,1.0333333333333334,-0.47847222222222224
0,1,0.5666666666666667,-0.48819444444444443
0,1,0.03333333333333333,-0.49930555555555556
0,2,19.583333333333332,-0.0920138888888889
0,2,17.633333333333333,-0.13263888888888892
0,2,16.35,-0.159375
1,2,14.916666666666666,-0.1892361111111111
0,2,13.8,-0.21249999999999997
0,2,12.55,-0.23854166666666665
1,3,35.21666666666667,0.23368055555555556
1,3,33.266666666666666,0.19305555555555554
0,3,32.166666666666664,0.17013888888888884
1,3,31.733333333333334,0.1611111111111111
0,3,30.95,0.14479166666666665
0,3,26.833333333333332,0.05902777777777779
1,3,25.8,0.03749999999999998
1,3,25.183333333333334,0.024652777777777746
0,3,24.7,0.014583333333333282
0,4,47.45,0.48854166666666676
0,4,45.6,0.45000000000000007
1,4,45.583333333333336,0.4496527777777778
0,4,44.9,0.4354166666666667
0,4,43.13333333333333,0.39861111111111114
1,4,40.3,0.33958333333333324
1,4,39.9,0.33124999999999993
0,4,36.166666666666664,0.2534722222222222
0,4,36.1,0.2520833333333333
0,4,36,0.25
0,1,10.683333333333334,-0.2774305555555555
0,1,8.683333333333334,-0.31909722222222225
0,1,7.083333333333333,-0.3524305555555556
0,1,6.566666666666666,-0.3631944444444445
0,1,6.183333333333334,-0.3711805555555555
1,1,5.666666666666667,-0.3819444444444444
0,1,5.183333333333334,-0.3920138888888889
1,1,3.6,-0.425
0,1,0.13333333333333333,-0.49722222222222223
0,2,17.766666666666666,-0.12986111111111115
1,2,17.35,-0.13854166666666662
1,2,15.95,-0.16770833333333335
0,2,15.466666666666667,-0.17777777777777776
1,2,14.666666666666666,-0.19444444444444448
1,2,14.233333333333334,-0.20347222222222222
0,2,13.866666666666667,-0.21111111111111108
1,2,13.033333333333333,-0.22847222222222224
0,2,12.616666666666667,-0.23715277777777777
0,2,12.533333333333333,-0.23888888888888887
1,3,34.55,0.2197916666666666
1,3,33.516666666666666,0.1982638888888889
0,3,31.35,0.15312500000000007
0,3,28.05,0.08437499999999998
0,3,27.5,0.07291666666666663
0,3,27.016666666666666,0.06284722222222217
0,3,25.55,0.03229166666666672
0,4,41.11666666666667,0.35659722222222223
1,4,40.68333333333334,0.3475694444444445
0,4,38.18333333333333,0.295486111111111
1,1,10,-0.29166666666666663
1,1,8.616666666666667,-0.32048611111111114
1,1,8.133333333333333,-0.3305555555555556
0,1,7.716666666666667,-0.33923611111111107
0,1,7.616666666666666,-0.34131944444444445
1,1,6.45,-0.365625
0,1,1.6333333333333333,-0.46597222222222223
0,2,17.433333333333334,-0.13680555555555557
1,2,15.983333333333334,-0.16701388888888885
0,2,13.316666666666666,-0.22256944444444443
0,3,35.38333333333333,0.23715277777777777
1,3,33.7,0.2020833333333334
0,3,33.1,0.18958333333333333
0,3,31.55,0.15729166666666672
0,3,29.583333333333332,0.11631944444444442
0,3,29.016666666666666,0.1045138888888889
0,3,27.566666666666666,0.07430555555555551
1,4,46.75,0.47395833333333337
0,4,45.266666666666666,0.44305555555555554
0,4,44.96666666666667,0.43680555555555556
1,4,43.46666666666667,0.40555555555555556
0,4,42.833333333333336,0.39236111111111116
1,4,42.333333333333336,0.38194444444444453
0,4,41.733333333333334,0.36944444444444446
1,4,41.11666666666667,0.35659722222222223
1,4,40.6,0.3458333333333333
0,4,39.6,0.32500000000000007
1,4,36.55,0.26145833333333324
0,4,36.11666666666667,0.2524305555555556
1,1,9.283333333333333,-0.3065972222222222
1,1,7.15,-0.3510416666666667
1,1,6.016666666666667,-0.3746527777777778
0,1,5.616666666666666,-0.38298611111111114
0,1,4.55,-0.40520833333333334
0,1,2.7333333333333334,-0.44305555555555554
1,1,2.25,-0.453125
0,1,1.45,-0.46979166666666666
1,1,0.03333333333333333,-0.49930555555555556
0,2,18.383333333333333,-0.11701388888888892
0,2,18.05,-0.12395833333333334
0,2,16.566666666666666,-0.15486111111111112
0,2,15.866666666666667,-0.16944444444444445
0,2,13.183333333333334,-0.2253472222222222
0,3,35.1,0.23125000000000007
0,3,32.516666666666666,0.17743055555555554
0,1,11.783333333333333,-0.25451388888888893
1,1,9.783333333333333,-0.29618055555555556
0,1,8.216666666666667,-0.32881944444444444
1,1,6.3,-0.36875
0,1,5.366666666666666,-0.38819444444444445
1,2,19.916666666666668,-0.08506944444444442
1,2,18.433333333333334,-0.1159722222222222
0,2,18.05,-0.12395833333333334
0,2,16.85,-0.1489583333333333
0,2,14.883333333333333,-0.18993055555555555
0,3,33.483333333333334,0.19756944444444446
1,3,33.31666666666666,0.19409722222222214
1,3,32.05,0.16770833333333324
1,3,30.633333333333333,0.1381944444444444
1,3,30.416666666666668,0.13368055555555558
1,3,24.5,0.01041666666666663
0,3,24.05,0.0010416666666667185
0,1,9.05,-0.3114583333333333
0,1,8.966666666666667,-0.31319444444444444
1,1,5.35,-0.3885416666666667
0,1,2.6333333333333333,-0.44513888888888886
0,1,2.0833333333333335,-0.4565972222222222
0,2,19.733333333333334,-0.08888888888888885
1,2,17.983333333333334,-0.12534722222222222
0,2,17,-0.14583333333333331
0,2,14.65,-0.19479166666666664
0,2,12.05,-0.24895833333333334
1,3,33.38333333333333,0.19548611111111114
0,3,30.65,0.13854166666666667
1,3,29.116666666666667,0.10659722222222223
0,3,27.883333333333333,0.08090277777777777
1,3,24.566666666666666,0.011805555555555514
0,3,24.05,0.0010416666666667185
0,1,11.316666666666666,-0.2642361111111111
1,1,9.55,-0.30104166666666665
1,1,3.5166666666666666,-0.4267361111111111
1,1,2.3666666666666667,-0.45069444444444445
0,1,0.7333333333333333,-0.4847222222222222
0,1,0.25,-0.4947916666666667
1,2,20.183333333333334,-0.07951388888888888
0,2,19.183333333333334,-0.1003472222222222
0,2,19.116666666666667,-0.10173611111111108
0,2,16.516666666666666,-0.15590277777777778
1,2,16.46666666666667,-0.1569444444444444
0,2,14,-0.20833333333333331
0,3,34.266666666666666,0.2138888888888889
0,3,33.416666666666664,0.19618055555555547
0,3,26.233333333333334,0.046527777777777835
0,3,24,0
1,4,47.75,0.49479166666666663
0,4,45.18333333333334,0.4413194444444445
0,4,42.983333333333334,0.3954861111111111
1,4,42.53333333333333,0.38611111111111107
0,4,39.2,0.31666666666666676
1,4,38.9,0.3104166666666667
0,4,37.78333333333333,0.2871527777777777
0,4,36.88333333333333,0.26840277777777777
0,1,8.883333333333333,-0.3149305555555556
1,1,8.016666666666667,-0.3329861111111111
0,1,5.9,-0.3770833333333333
0,1,5.633333333333334,-0.38263888888888886
0,1,3.4,-0.4291666666666667
0,1,2.8333333333333335,-0.4409722222222222
0,1,0.55,-0.48854166666666665
0,2,16.8,-0.14999999999999997
1,2,16.45,-0.15729166666666666
1,2,14.516666666666666,-0.19756944444444446
1,2,12.716666666666667,-0.23506944444444444
0,3,35.45,0.23854166666666676
0,3,35.016666666666666,0.2295138888888889
0,3,30.933333333333334,0.1444444444444445
0,3,29.766666666666666,0.1201388888888889
1,3,29.3,0.11041666666666672
1,3,28.183333333333334,0.08715277777777775
0,3,26.8,0.05833333333333335
0,3,26.4,0.04999999999999993
0,3,25.266666666666666,0.026388888888888906
1,3,24.6,0.012500000000000067
0,4,42.7,0.3895833333333334
0,4,42.65,0.3885416666666667
0,4,39.266666666666666,0.31805555555555554
0,4,38.21666666666667,0.29618055555555556
1,4,37.233333333333334,0.27569444444444446
0,1,9.55,-0.30104166666666665
1,1,7.916666666666667,-0.3350694444444444
0,1,7.65,-0.34062499999999996
1,1,1.6,-0.4666666666666667
0,1,0.48333333333333334,-0.48993055555555554
0,2,15.033333333333333,-0.18680555555555556
1,2,14.016666666666666,-0.20798611111111115
1,2,13.7,-0.21458333333333335
0,2,12.833333333333334,-0.2326388888888889
0,3,35,0.22916666666666663
1,3,34.516666666666666,0.21909722222222217
0,3,30.916666666666668,0.1440972222222222
0,3,28.916666666666668,0.10243055555555558
0,4,43.78333333333333,0.4121527777777777
1,4,40.333333333333336,0.3402777777777778
1,4,38.166666666666664,0.29513888888888884
0,4,37.4,0.2791666666666667
0,1,11.25,-0.265625
0,1,10.116666666666667,-0.28923611111111114
0,1,8.4,-0.32499999999999996
0,1,6.8,-0.35833333333333334
0,1,3.8833333333333333,-0.41909722222222223
0,1,2.6,-0.4458333333333333
1,1,0.5833333333333334,-0.4878472222222222
0,1,0.03333333333333333,-0.49930555555555556
0,3,35.45,0.23854166666666676
0,3,34.266666666666666,0.2138888888888889
0,3,33.95,0.20729166666666676
0,3,30.566666666666666,0.1368055555555555
1,3,29,0.10416666666666663
1,3,26.333333333333332,0.04861111111111105
0,3,25.45,0.03020833333333328
1,3,24.766666666666666,0.015972222222222165
1,3,24.55,0.011458333333333348
1,4,44.2,0.4208333333333334
1,4,43.25,0.40104166666666663
0,4,42.46666666666667,0.3847222222222223
1,4,40.28333333333333,0.33923611111111107
0,4,39.05,0.3135416666666666
0,4,38.63333333333333,0.30486111111111114
1,4,37.21666666666667,0.2753472222222223
1,4,36.46666666666667,0.2597222222222223
1,1,10.383333333333333,-0.2836805555555556
1,1,8.816666666666666,-0.3163194444444445
1,1,5.483333333333333,-0.3857638888888889
1,1,2.5166666666666666,-0.44756944444444446
0,2,19.016666666666666,-0.10381944444444446
0,2,17.71666666666667,-0.13090277777777776
0,2,17.53333333333333,-0.13472222222222224
0,2,16.75,-0.15104166666666669
0,2,16.233333333333334,-0.16180555555555554
0,2,15.833333333333334,-0.1701388888888889
0,2,15.05,-0.18645833333333334
1,2,12.016666666666667,-0.24965277777777778
0,3,33.9,0.20624999999999993
0,3,30.4,0.1333333333333333
0,3,29.266666666666666,0.10972222222222217
0,3,25.633333333333333,0.03402777777777777
1,3,24.583333333333332,0.01215277777777779
0,4,43.31666666666666,0.4024305555555555
1,4,43.3,0.40208333333333324
1,4,42.56666666666666,0.3868055555555555
1,4,41.11666666666667,0.35659722222222223
1,4,40.05,0.334375
1,4,39.55,0.32395833333333324
0,4,38.6,0.3041666666666667
0,1,8.4,-0.32499999999999996
0,1,6.3,-0.36875
1,1,3.35,-0.4302083333333333
1,1,0.5166666666666667,-0.4892361111111111
1,2,15.633333333333333,-0.17430555555555555
0,2,14.783333333333333,-0.19201388888888887
0,2,12.583333333333334,-0.2378472222222222
0,2,12.083333333333334,-0.2482638888888889
1,3,25.45,0.03020833333333328
0,3,24.55,0.011458333333333348
0,4,44.483333333333334,0.4267361111111111
1,4,44,0.41666666666666663
0,4,42.516666666666666,0.3857638888888889
0,4,39.55,0.32395833333333324
0,1,10.6,-0.2791666666666667
1,1,10.016666666666667,-0.29131944444444446
0,1,7.85,-0.3364583333333333
0,1,5.783333333333333,-0.3795138888888889
0,1,4.25,-0.4114583333333333
1,1,2.0166666666666666,-0.4579861111111111
1,2,19.15,-0.1010416666666667
1,2,17.25,-0.140625
1,2,16.75,-0.15104166666666669
0,2,14.883333333333333,-0.18993055555555555
0,3,32.78333333333333,0.18298611111111107
0,3,31.116666666666667,0.14826388888888886
1,3,31.03333333333333,0.1465277777777777
0,3,28.85,0.1010416666666667
1,3,27.433333333333334,0.07152777777777775
1,3,26.266666666666666,0.047222222222222165
0,3,25.083333333333332,0.02256944444444442
0,4,43.3,0.40208333333333324
1,4,36.766666666666666,0.26597222222222217
0,4,36.38333333333333,0.25798611111111114
0,1,10.283333333333333,-0.28576388888888893
1,1,7.95,-0.334375
1,1,6.266666666666667,-0.36944444444444446
0,1,3.1166666666666667,-0.43506944444444445
0,2,16.883333333333333,-0.14826388888888892
0,2,16.866666666666667,-0.14861111111111108
1,2,16.316666666666666,-0.16006944444444443
0,2,15.533333333333333,-0.17638888888888887
1,2,13.783333333333333,-0.21284722222222224
0,2,13.3,-0.22291666666666665
0,2,12.816666666666666,-0.23298611111111112
0,2,12.55,-0.23854166666666665
0,3,34.68333333333334,0.2225694444444445
1,3,32.63333333333333,0.17986111111111114
1,3,30.95,0.14479166666666665
1,3,30.366666666666667,0.13263888888888886
1,3,30.233333333333334,0.1298611111111111
1,3,29.25,0.109375
0,3,28.066666666666666,0.08472222222222225
1,3,27.333333333333332,0.06944444444444442
0,3,26.916666666666668,0.06076388888888895
1,3,26.55,0.05312499999999998
1,3,24.083333333333332,0.0017361111111110494
0,4,42.983333333333334,0.3954861111111111
1,4,42.46666666666667,0.3847222222222223
0,4,40.68333333333334,0.3475694444444445
0,4,39.53333333333333,0.32361111111111107
0,4,38.86666666666667,0.30972222222222223
0,4,37.95,0.290625
0,4,37.63333333333333,0.28402777777777777
1,4,36.63333333333333,0.2631944444444444
0,4,36.1,0.2520833333333333
0,1,10.816666666666666,-0.27465277777777775
0,1,9.7,-0.2979166666666667
1,1,8.766666666666667,-0.3173611111111111
1,1,7.416666666666667,-0.3454861111111111
1,1,7.166666666666667,-0.3506944444444444
0,1,5.583333333333333,-0.3836805555555556
1,1,3.4166666666666665,-0.4288194444444444
1,1,0.5166666666666667,-0.4892361111111111
1,2,18.35,-0.1177083333333333
0,2,15.05,-0.18645833333333334
1,2,14.716666666666667,-0.19340277777777776
0,2,13.683333333333334,-0.21493055555555557
0,2,12.233333333333333,-0.2451388888888889
0,2,12.016666666666667,-0.24965277777777778
1,3,34.666666666666664,0.2222222222222222
0,3,33.18333333333334,0.1913194444444445
1,3,31.133333333333333,0.14861111111111114
1,3,30.583333333333332,0.1371527777777778
0,3,30.133333333333333,0.12777777777777777
0,3,29.266666666666666,0.10972222222222217
0,3,28.1,0.0854166666666667
0,3,26.71666666666667,0.0565972222222223
1,4,42.95,0.39479166666666676
0,4,38.63333333333333,0.30486111111111114
1,4,38.63333333333333,0.30486111111111114
1,4,38.233333333333334,0.29652777777777783
0,4,37.15,0.2739583333333333
0,4,36.11666666666667,0.2524305555555556
0,1,11.883333333333333,-0.2524305555555556
1,1,10.383333333333333,-0.2836805555555556
0,1,9.15,-0.30937499999999996
1,1,8.683333333333334,-0.31909722222222225
1,1,5.216666666666667,-0.39131944444444444
1,1,3.7666666666666666,-0.4215277777777778
1,1,2.7,-0.44375
0,1,1.25,-0.4739583333333333
1,2,18.416666666666668,-0.11631944444444442
0,2,16.05,-0.16562499999999997
1,2,13.016666666666666,-0.22881944444444446
0,3,34.63333333333333,0.22152777777777777
1,3,34.3,0.21458333333333324
0,3,31.7,0.16041666666666665
0,3,30.55,0.13645833333333335
0,3,29.933333333333334,0.12361111111111112
1,3,28.233333333333334,0.08819444444444446
0,3,26.15,0.044791666666666674
1,3,25.733333333333334,0.036111111111111094
0,4,44.21666666666667,0.42118055555555556
1,4,43.2,0.4
1,4,42.81666666666666,0.3920138888888888
0,4,41.6,0.3666666666666667
0,4,41.53333333333333,0.3652777777777777
0,4,40.81666666666666,0.35034722222222214
0,4,40.2,0.3375
1,4,39.35,0.3197916666666667
0,4,38.95,0.3114583333333334
0,4,38.46666666666667,0.30138888888888893
1,4,38.416666666666664,0.3003472222222222
0,4,36.583333333333336,0.2621527777777778
0,4,36.15,0.25312499999999993
0,1,11.766666666666667,-0.2548611111111111
0,1,10.316666666666666,-0.2850694444444445
0,1,7.883333333333334,-0.33576388888888886
0,1,7.25,-0.34895833333333337
0,1,6.366666666666666,-0.36736111111111114
0,1,5.083333333333333,-0.3940972222222222
0,1,4.466666666666667,-0.40694444444444444
0,1,3.933333333333333,-0.41805555555555557
1,2,19.583333333333332,-0.0920138888888889
0,2,18.75,-0.109375
0,2,18.316666666666666,-0.1184027777777778
0,2,17.916666666666668,-0.1267361111111111
1,2,12.566666666666666,-0.23819444444444443
0,2,12.05,-0.24895833333333334
1,3,32.55,0.17812499999999998
0,3,32.11666666666667,0.16909722222222223
0,3,30.35,0.1322916666666667
1,3,29.4,0.11249999999999993
0,3,28.183333333333334,0.08715277777777775
0,3,28.05,0.08437499999999998
1,3,26.516666666666666,0.052430555555555536
0,3,26.28333333333333,0.04756944444444444
0,4,45.266666666666666,0.44305555555555554
1,4,44.05,0.41770833333333324
1,4,43.2,0.4
0,4,42.71666666666667,0.38993055555555556
0,4,42.43333333333334,0.38402777777777786
1,4,41.35,0.3614583333333333
0,4,39.1,0.3145833333333333
0,4,37.8,0.2875
1,4,37.15,0.2739583333333333
1,4,36.233333333333334,0.2548611111111111
0,1,9.466666666666667,-0.3027777777777778
1,1,8.516666666666667,-0.32256944444444446
1,1,6.4,-0.3666666666666667
0,1,5.516666666666667,-0.38506944444444446
1,1,5.133333333333334,-0.39305555555555555
0,1,3.85,-0.4197916666666667
1,1,2.6,-0.4458333333333333
0,1,1.5166666666666666,-0.4684027777777778
0,2,18.166666666666668,-0.12152777777777773
0,2,16.183333333333334,-0.1628472222222222
0,2,15.833333333333334,-0.1701388888888889
1,2,13.95,-0.20937500000000003
0,2,12.9,-0.23125
1,3,33.833333333333336,0.20486111111111116
0,3,30.1,0.12708333333333333
0,3,29.516666666666666,0.11493055555555554
1,3,28.183333333333334,0.08715277777777775
0,3,27.75,0.078125
1,3,27.35,0.0697916666666667
0,1,11.733333333333333,-0.25555555555555554
1,1,11.633333333333333,-0.25763888888888886
0,1,10.25,-0.28645833333333337
0,1,8.433333333333334,-0.3243055555555555
1,1,6.816666666666666,-0.3579861111111111
1,1,5.633333333333334,-0.38263888888888886
1,2,15.783333333333333,-0.17118055555555556
1,2,13.65,-0.215625
0,3,32.03333333333333,0.16736111111111107
1,3,30.816666666666666,0.14201388888888888
1,3,29.2,0.10833333333333328
1,3,28.883333333333333,0.10173611111111114
1,1,10.383333333333333,-0.2836805555555556
0,1,8.766666666666667,-0.3173611111111111
0,1,8.15,-0.3302083333333333
0,1,8.066666666666666,-0.3319444444444445
1,1,7.483333333333333,-0.3440972222222222
0,1,6.75,-0.359375
0,1,4.3,-0.41041666666666665
0,1,3.35,-0.4302083333333333
1,1,2.716666666666667,-0.44340277777777776
0,2,18.266666666666666,-0.11944444444444446
1,2,16,-0.16666666666666669
1,2,13.8,-0.21249999999999997
0,2,13.333333333333334,-0.2222222222222222
1,2,13.016666666666666,-0.22881944444444446
0,2,12.033333333333333,-0.24930555555555556
0,3,32.35,0.17395833333333333
1,3,30.266666666666666,0.13055555555555554
0,3,29.383333333333333,0.11215277777777777
0,3,28.116666666666667,0.08576388888888886
1,3,27.85,0.08020833333333333
1,3,25.5,0.03125
0,4,42.9,0.39374999999999993
0,4,42.68333333333334,0.3892361111111112
0,4,41.96666666666667,0.37430555555555556
1,4,40.766666666666666,0.34930555555555554
1,4,40.28333333333333,0.33923611111111107
1,4,39.21666666666667,0.31701388888888893
1,1,11.533333333333333,-0.2597222222222222
0,1,8.65,-0.3197916666666667
0,1,8.25,-0.328125
0,1,6,-0.375
1,1,3.816666666666667,-0.4204861111111111
0,1,2.1666666666666665,-0.4548611111111111
0,2,19.116666666666667,-0.10173611111111108
1,2,15.55,-0.17604166666666665
1,3,34.416666666666664,0.21701388888888884
0,3,24.8,0.01666666666666672
1,3,24.2,0.004166666666666652
0,3,24.033333333333335,6.94444444444442e-4
1,4,41.43333333333334,0.3631944444444445
1,4,40.833333333333336,0.35069444444444453
0,4,40.38333333333333,0.3413194444444444
1,4,38.416666666666664,0.3003472222222222
1,4,37.96666666666667,0.2909722222222223
0,1,11.783333333333333,-0.25451388888888893
0,1,5.283333333333333,-0.38993055555555556
0,1,4.483333333333333,-0.4065972222222222
0,1,3.966666666666667,-0.4173611111111111
0,2,20,-0.08333333333333331
1,2,19.366666666666667,-0.09652777777777777
1,2,16.933333333333334,-0.1472222222222222
0,3,34.516666666666666,0.21909722222222217
1,3,31.78333333333333,0.1621527777777777
1,3,29.766666666666666,0.1201388888888889
0,3,28.416666666666668,0.09201388888888895
0,3,27.883333333333333,0.08090277777777777
0,3,27.433333333333334,0.07152777777777775
0,4,42.483333333333334,0.38506944444444446
0,4,40.266666666666666,0.3388888888888889
1,1,10.866666666666667,-0.27361111111111114
0,1,10.416666666666666,-0.28298611111111116
0,1,6.116666666666666,-0.37256944444444445
0,1,3.466666666666667,-0.42777777777777776
1,1,2.5166666666666666,-0.44756944444444446
1,1,2.1166666666666667,-0.45590277777777777
1,2,16.316666666666666,-0.16006944444444443
0,2,15.083333333333334,-0.1857638888888889
1,2,13.55,-0.21770833333333334
1,3,34.416666666666664,0.21701388888888884
0,3,32.3,0.1729166666666666
0,3,31.333333333333332,0.1527777777777778
1,4,39.81666666666667,0.329513888888889
1,4,38.6,0.3041666666666667
0,1,11.783333333333333,-0.25451388888888893
0,1,9.516666666666667,-0.3017361111111111
0,1,7.5,-0.34375
0,1,6.483333333333333,-0.36493055555555554
0,1,6.466666666666667,-0.3652777777777778
0,2,16.7,-0.15208333333333335
0,2,15.65,-0.17395833333333333
1,2,14.75,-0.19270833333333331
1,2,12.733333333333333,-0.23472222222222222
1,3,34.46666666666667,0.21805555555555556
0,3,32.81666666666666,0.1836805555555555
1,3,32.6,0.1791666666666667
0,3,29.983333333333334,0.12465277777777783
1,3,28.433333333333334,0.09236111111111112
0,3,27.883333333333333,0.08090277777777777
0,3,27.433333333333334,0.07152777777777775
0,3,26.65,0.055208333333333304
1,3,24.233333333333334,0.004861111111111094
0,1,7.783333333333333,-0.3378472222222222
1,1,5.45,-0.38645833333333335
1,1,4.133333333333334,-0.41388888888888886
0,1,3.4833333333333334,-0.42743055555555554
1,1,2.65,-0.4447916666666667
1,1,2.033333333333333,-0.4576388888888889
1,1,0.55,-0.48854166666666665
0,1,0.06666666666666667,-0.4986111111111111
0,2,13.433333333333334,-0.22013888888888888
1,2,13.433333333333334,-0.22013888888888888
1,2,13.033333333333333,-0.22847222222222224
0,2,12.05,-0.24895833333333334
0,3,34.916666666666664,0.22743055555555547
1,3,33.95,0.20729166666666676
1,3,32.983333333333334,0.18715277777777783
0,3,28.9,0.1020833333333333
1,3,26.766666666666666,0.057638888888888906
0,3,24.533333333333335,0.011111111111111183
0,3,24.083333333333332,0.0017361111111110494
1,4,44.483333333333334,0.4267361111111111
1,4,43.43333333333334,0.4048611111111112
1,4,42.8,0.3916666666666666
0,4,41.916666666666664,0.37326388888888884
1,4,40.7,0.34791666666666676
1,4,39.65,0.3260416666666667
0,4,38.88333333333333,0.3100694444444444
0,4,38.43333333333333,0.3006944444444444
0,4,37.93333333333333,0.29027777777777775
1,1,11.2,-0.2666666666666667
1,1,10.283333333333333,-0.28576388888888893
1,1,9.483333333333333,-0.30243055555555554
1,1,8.766666666666667,-0.3173611111111111
1,1,7.283333333333333,-0.34826388888888893
0,1,5.85,-0.378125
1,1,4.15,-0.41354166666666664
1,1,3.2333333333333334,-0.4326388888888889
0,1,2.466666666666667,-0.4486111111111111
1,1,1.2,-0.475
0,2,19.4,-0.09583333333333338
1,2,18,-0.125
1,2,16.983333333333334,-0.14618055555555554
1,2,14.1,-0.20625
0,2,12.1,-0.24791666666666667
0,3,35.61666666666667,0.24201388888888886
0,3,34.43333333333334,0.21736111111111123
0,3,32.71666666666667,0.1815972222222223
1,3,32.333333333333336,0.17361111111111116
1,3,29.816666666666666,0.12118055555555551
1,3,28.266666666666666,0.0888888888888889
0,3,25.833333333333332,0.03819444444444442
0,3,24.833333333333332,0.01736111111111105
0,3,24.016666666666666,3.472222222221655e-4
1,4,42.9,0.39374999999999993
0,4,42.266666666666666,0.38055555555555554
1,4,41.95,0.3739583333333334
1,4,40.43333333333334,0.3423611111111112
0,4,39.75,0.328125
1,4,37.733333333333334,0.2861111111111111
0,1,11.266666666666667,-0.2652777777777777
1,1,10.066666666666666,-0.29027777777777775
0,1,5.283333333333333,-0.38993055555555556
1,1,3.966666666666667,-0.4173611111111111
1,1,3.15,-0.434375
0,1,1.35,-0.471875
0,1,0.08333333333333333,-0.4982638888888889
1,2,18.28333333333333,-0.11909722222222224
0,3,34.46666666666667,0.21805555555555556
1,3,30.066666666666666,0.12638888888888888
0,3,28.2,0.08750000000000002
1,3,26.65,0.055208333333333304
0,3,24.8,0.01666666666666672
1,4,38.28333333333333,0.29756944444444444
1,4,36.95,0.26979166666666676
1,1,10.95,-0.271875
0,1,9.733333333333333,-0.2972222222222223
1,1,9.183333333333334,-0.3086805555555555
0,1,7.516666666666667,-0.3434027777777778
1,1,6.633333333333334,-0.36180555555555555
0,1,6.133333333333334,-0.37222222222222223
0,1,4.916666666666667,-0.3975694444444444
0,1,3.5,-0.4270833333333333
0,2,17.816666666666666,-0.12881944444444443
0,2,17.35,-0.13854166666666662
1,2,16.28333333333333,-0.16076388888888893
0,2,14.766666666666666,-0.19236111111111115
0,3,32.81666666666666,0.1836805555555555
0,3,30.566666666666666,0.1368055555555555
1,3,27.366666666666667,0.07013888888888886
0,4,38.766666666666666,0.3076388888888889
0,1,10.833333333333334,-0.2743055555555556
1,1,9.683333333333334,-0.2982638888888889
0,1,8.833333333333334,-0.3159722222222222
1,1,7.283333333333333,-0.34826388888888893
1,1,4.75,-0.4010416666666667
0,1,3.35,-0.4302083333333333
0,2,19.183333333333334,-0.1003472222222222
0,2,18.35,-0.1177083333333333
1,2,16.53333333333333,-0.1555555555555556
1,2,15.616666666666667,-0.17465277777777777
1,2,14.933333333333334,-0.18888888888888888
0,2,13.516666666666666,-0.21840277777777778
1,2,12.45,-0.24062500000000003
0,3,34.03333333333333,0.2090277777777777
1,3,32.45,0.17604166666666676
1,3,32.13333333333333,0.1694444444444444
1,3,31.4,0.15416666666666667
0,3,30.28333333333333,0.1309027777777777
1,3,29.8,0.12083333333333335
0,3,28.633333333333333,0.09652777777777777
0,3,27.733333333333334,0.07777777777777783
0,4,43.63333333333333,0.40902777777777777
0,4,43.016666666666666,0.39618055555555554
1,4,41.1,0.35625000000000007
0,4,40.4,0.3416666666666667
0,4,39.88333333333333,0.33090277777777777
0,4,38.85,0.30937500000000007
1,4,37.6,0.2833333333333333
0,4,36.71666666666667,0.26493055555555556
0,4,36.43333333333333,0.25902777777777775
0,1,11.383333333333333,-0.26284722222222223
0,1,10.166666666666666,-0.2881944444444444
0,1,8.983333333333333,-0.3128472222222223
0,1,7.633333333333334,-0.34097222222222223
0,1,6.4,-0.3666666666666667
1,1,5.4,-0.3875
1,1,3.683333333333333,-0.4232638888888889
1,2,17.1,-0.14375
0,2,12.933333333333334,-0.23055555555555557
0,3,33.05,0.1885416666666666
0,3,32.43333333333334,0.1756944444444445
0,3,30.983333333333334,0.1454861111111111
0,3,29.833333333333332,0.12152777777777779
0,3,29.21666666666667,0.10868055555555556
0,3,28.8,0.09999999999999998
0,3,27.116666666666667,0.0649305555555556
1,4,43.4,0.4041666666666667
0,4,42.9,0.39374999999999993
0,4,42.61666666666667,0.38784722222222223
1,4,41.11666666666667,0.35659722222222223
1,4,40.13333333333333,0.33611111111111114
1,4,37.333333333333336,0.2777777777777778
0,1,11.483333333333333,-0.2607638888888889
0,1,9.75,-0.296875
0,1,8.466666666666667,-0.32361111111111107
0,1,7.5,-0.34375
1,1,5.916666666666667,-0.3767361111111111
1,1,3.2333333333333334,-0.4326388888888889
0,1,1.9,-0.4604166666666667
0,2,18.383333333333333,-0.11701388888888892
0,2,15.9,-0.16875
0,2,14.05,-0.20729166666666665
0,2,13.183333333333334,-0.2253472222222222
1,3,35.3,0.2354166666666666
0,3,33.36666666666667,0.19513888888888886
1,3,32.63333333333333,0.17986111111111114
0,3,31.6,0.15833333333333333
0,3,29.433333333333334,0.11319444444444449
1,3,28.21666666666667,0.0878472222222223
0,3,27.333333333333332,0.06944444444444442
1,3,25.933333333333334,0.040277777777777746
0,3,24.183333333333334,0.0038194444444444864
0,4,40.083333333333336,0.33506944444444453
0,4,39.45,0.321875
1,4,39.2,0.31666666666666676
0,4,38.75,0.30729166666666663
0,4,37.03333333333333,0.2715277777777777
0,4,36.06666666666667,0.251388888888889
1,1,7.083333333333333,-0.3524305555555556
1,1,6.183333333333334,-0.3711805555555555
0,1,5.5,-0.3854166666666667
0,1,4.683333333333334,-0.40243055555555557
0,1,4.483333333333333,-0.4065972222222222
1,1,2.1333333333333333,-0.45555555555555555
1,1,0.5166666666666667,-0.4892361111111111
0,2,16.6,-0.15416666666666662
0,2,14.366666666666667,-0.20069444444444445
0,2,13.883333333333333,-0.21076388888888892
1,3,32.96666666666667,0.18680555555555556
1,3,28.25,0.08854166666666663
1,3,26.4,0.04999999999999993
0,3,25.633333333333333,0.03402777777777777
1,4,40.5,0.34375
0,4,37.28333333333333,0.27673611111111107
1,1,10.783333333333333,-0.2753472222222222
0,1,10.483333333333333,-0.2815972222222223
0,1,8.216666666666667,-0.32881944444444444
0,1,6.566666666666666,-0.3631944444444445
0,1,4.133333333333334,-0.41388888888888886
0,2,18.75,-0.109375
0,2,18.133333333333333,-0.12222222222222223
1,2,12.166666666666666,-0.2465277777777778
0,3,33.483333333333334,0.19756944444444446
0,3,32.95,0.1864583333333334
1,3,32.63333333333333,0.17986111111111114
1,3,31.4,0.15416666666666667
0,3,30.266666666666666,0.13055555555555554
0,3,29.116666666666667,0.10659722222222223
1,3,28.133333333333333,0.08611111111111114
1,3,27.45,0.07187500000000002
0,3,26.96666666666667,0.06180555555555556
1,3,26.28333333333333,0.04756944444444444
1,3,25.9,0.039583333333333304
0,3,24.916666666666668,0.01909722222222221
0,3,24.066666666666666,0.001388888888888884
0,4,37.766666666666666,0.28680555555555554
1,4,36.45,0.259375
0,1,11.683333333333334,-0.25659722222222225
1,1,9.583333333333334,-0.3003472222222222
0,1,6.75,-0.359375
0,1,6.65,-0.3614583333333333
1,1,3.4,-0.4291666666666667
0,1,2.966666666666667,-0.43819444444444444
1,2,16.883333333333333,-0.14826388888888892
0,2,13.533333333333333,-0.21805555555555556
0,2,13.116666666666667,-0.22673611111111108
1,3,33,0.1875
0,3,32.4,0.17499999999999993
0,3,30,0.125
1,3,29.633333333333333,0.11736111111111114
1,4,41.13333333333333,0.3569444444444444
1,4,38.233333333333334,0.29652777777777783
1,4,37.833333333333336,0.28819444444444453
0,1,7.783333333333333,-0.3378472222222222
1,1,6.433333333333334,-0.36597222222222225
1,1,5.283333333333333,-0.38993055555555556
0,1,4.55,-0.40520833333333334
1,1,3.15,-0.434375
1,1,2.933333333333333,-0.4388888888888889
0,1,2.4,-0.45
1,2,15.116666666666667,-0.18506944444444445
1,2,14.466666666666667,-0.19861111111111113
0,2,13.85,-0.21145833333333336
0,3,31.583333333333332,0.15798611111111105
1,3,29.9,0.12291666666666667
1,1,10.683333333333334,-0.2774305555555555
0,1,9.283333333333333,-0.3065972222222222
1,1,8.866666666666667,-0.31527777777777777
0,1,3.7666666666666666,-0.4215277777777778
1,1,3.2333333333333334,-0.4326388888888889
0,2,18.85,-0.10729166666666662
0,2,17.666666666666668,-0.13194444444444442
1,2,17.2,-0.14166666666666666
0,2,13.883333333333333,-0.21076388888888892
1,2,12,-0.25
0,3,33.15,0.19062499999999993
0,3,31.316666666666666,0.1524305555555555
0,3,30.21666666666667,0.12951388888888893
1,3,29.266666666666666,0.10972222222222217
1,3,27.6,0.07500000000000007
0,3,26.233333333333334,0.046527777777777835
0,4,45.45,0.446875
0,4,40.8,0.35
0,4,38.81666666666667,0.3086805555555556
0,1,5.55,-0.384375
1,1,4.816666666666666,-0.3996527777777778
1,1,4.216666666666667,-0.41215277777777776
0,1,2.7333333333333334,-0.44305555555555554
0,1,2.15,-0.4552083333333333
0,2,20.116666666666667,-0.08090277777777777
0,2,19.75,-0.08854166666666669
1,2,13.766666666666666,-0.21319444444444446
1,3,35.53333333333333,0.2402777777777777
0,3,34.483333333333334,0.21840277777777783
1,3,30.833333333333332,0.14236111111111105
1,4,47.36666666666667,0.4868055555555556
0,4,42.06666666666666,0.3763888888888888
1,1,11.066666666666666,-0.2694444444444445
1,1,2.5833333333333335,-0.4461805555555556
0,2,14.033333333333333,-0.20763888888888887
1,2,13.466666666666667,-0.21944444444444444
0,3,33.35,0.1947916666666667
1,3,31.316666666666666,0.1524305555555555
0,3,30.4,0.1333333333333333
0,3,29.833333333333332,0.12152777777777779
1,3,28.566666666666666,0.09513888888888888
1,3,28.2,0.08750000000000002
0,3,25.65,0.03437499999999993
0,4,41.833333333333336,0.3715277777777778
1,4,41.4,0.36249999999999993
1,4,39.85,0.3302083333333333
0,4,38.583333333333336,0.30381944444444453
0,4,37.016666666666666,0.27118055555555554
1,4,36.18333333333333,0.2538194444444444
0,1,11.616666666666667,-0.25798611111111114
0,1,10.95,-0.271875
0,1,10.466666666666667,-0.28194444444444444
1,1,8.233333333333333,-0.3284722222222223
0,1,7.233333333333333,-0.34930555555555554
0,1,6.133333333333334,-0.37222222222222223
0,1,5.166666666666667,-0.3923611111111111
1,2,17.133333333333333,-0.14305555555555555
0,2,15.866666666666667,-0.16944444444444445
0,3,33.93333333333334,0.2069444444444445
0,3,32.13333333333333,0.1694444444444444
1,3,30.28333333333333,0.1309027777777777
0,3,28.733333333333334,0.0986111111111111
0,3,28.05,0.08437499999999998
0,3,26.833333333333332,0.05902777777777779
0,3,26.4,0.04999999999999993
0,4,43.06666666666666,0.39722222222222214
0,4,40.81666666666666,0.35034722222222214
0,4,39.8,0.3291666666666666
0,1,10.9,-0.2729166666666667
0,1,9.6,-0.30000000000000004
0,1,9.583333333333334,-0.3003472222222222
0,1,6.35,-0.3677083333333333
0,1,5.1,-0.39375
1,1,3.9833333333333334,-0.4170138888888889
1,1,3.5833333333333335,-0.4253472222222222
0,1,2.183333333333333,-0.4545138888888889
0,1,1.05,-0.478125
0,2,16.35,-0.159375
0,2,14.8,-0.19166666666666665
1,2,13.416666666666666,-0.2204861111111111
1,2,12.916666666666666,-0.2309027777777778
0,2,12.05,-0.24895833333333334
1,3,35.733333333333334,0.24444444444444446
0,3,34.766666666666666,0.22430555555555554
0,3,33.65,0.20104166666666667
0,3,33.3,0.19374999999999998
0,3,32.95,0.1864583333333334
0,3,30.65,0.13854166666666667
0,3,26.433333333333334,0.050694444444444486
1,1,11.366666666666667,-0.2631944444444444
0,1,10.75,-0.27604166666666663
1,1,10.266666666666667,-0.2861111111111111
0,1,7.966666666666667,-0.3340277777777778
0,1,6.15,-0.37187499999999996
1,1,5.583333333333333,-0.3836805555555556
0,1,4.116666666666666,-0.41423611111111114
0,1,3.15,-0.434375
0,2,20.03333333333333,-0.08263888888888893
0,2,16.833333333333332,-0.14930555555555558
1,2,15.8,-0.17083333333333334
0,2,14.7,-0.19375000000000003
1,2,13.983333333333334,-0.20868055555555554
0,2,12.583333333333334,-0.2378472222222222
0,2,12,-0.25
1,3,33.666666666666664,0.20138888888888884
1,4,44.81666666666666,0.4336805555555555
0,4,43.3,0.40208333333333324
0,4,40.9,0.3520833333333333
0,4,40,0.33333333333333337
1,4,38.733333333333334,0.30694444444444446
0,4,36.71666666666667,0.26493055555555556
0,4,36.43333333333333,0.25902777777777775
1,1,9.566666666666666,-0.3006944444444445
0,1,8.566666666666666,-0.32152777777777775
1,1,6.866666666666666,-0.35694444444444445
1,1,3.95,-0.41770833333333335
1,1,3.216666666666667,-0.4329861111111111
0,1,2.783333333333333,-0.4420138888888889
0,2,19.833333333333332,-0.08680555555555558
0,2,19.21666666666667,-0.09965277777777776
0,2,18.4,-0.1166666666666667
0,2,16.46666666666667,-0.1569444444444444
0,2,12.9,-0.23125
0,2,12.5,-0.23958333333333331
1,2,12.133333333333333,-0.24722222222222223
0,1,9.266666666666667,-0.30694444444444446
0,1,4.7,-0.40208333333333335
0,1,4.133333333333334,-0.41388888888888886
0,1,2.2666666666666666,-0.4527777777777778
0,1,1.7166666666666666,-0.4642361111111111
1,2,17.2,-0.14166666666666666
1,2,16.95,-0.14687500000000003
0,2,16.333333333333332,-0.15972222222222227
0,2,14.983333333333334,-0.18784722222222222
0,2,14.616666666666667,-0.19548611111111108
0,3,35.233333333333334,0.23402777777777783
1,3,33.43333333333334,0.19652777777777786
1,3,30.683333333333334,0.13923611111111112
0,3,29.7,0.11875000000000002
0,3,28.733333333333334,0.0986111111111111
0,3,28.4,0.09166666666666667
0,3,26.3,0.04791666666666672
0,4,44.81666666666666,0.4336805555555555
0,4,43.583333333333336,0.40798611111111116
1,4,40.75,0.34895833333333337
1,4,40.166666666666664,0.33680555555555547
0,4,37.78333333333333,0.2871527777777777
0,4,37.333333333333336,0.2777777777777778
1,1,11.083333333333334,-0.2690972222222222
1,1,9.65,-0.2989583333333333
0,1,8.233333333333333,-0.3284722222222223
1,1,8.066666666666666,-0.3319444444444445
0,1,6.383333333333334,-0.36701388888888886
1,1,5.8,-0.37916666666666665
1,1,3.2333333333333334,-0.4326388888888889
1,2,18.383333333333333,-0.11701388888888892
1,2,16.416666666666668,-0.1579861111111111
0,2,15.5,-0.17708333333333331
0,2,14.85,-0.190625
0,3,35.21666666666667,0.23368055555555556
0,3,34.733333333333334,0.2236111111111111
0,3,33.15,0.19062499999999993
0,3,32.6,0.1791666666666667
1,3,31.75,0.16145833333333337
1,3,31.083333333333332,0.14756944444444442
1,3,29.883333333333333,0.1225694444444444
1,3,28.05,0.08437499999999998
0,3,27.483333333333334,0.07256944444444446
0,3,26.733333333333334,0.056944444444444464
0,1,5.833333333333333,-0.3784722222222222
0,1,5.1,-0.39375
0,1,3.5833333333333335,-0.4253472222222222
1,2,20.016666666666666,-0.08298611111111115
0,2,19.7,-0.08958333333333335
0,2,19.03333333333333,-0.10347222222222224
0,2,18.55,-0.11354166666666665
0,2,17.816666666666666,-0.12881944444444443
1,2,16.933333333333334,-0.1472222222222222
1,2,16.633333333333333,-0.15347222222222223
0,2,15.383333333333333,-0.17951388888888892
0,2,13.633333333333333,-0.21597222222222223
1,2,13.583333333333334,-0.2170138888888889
0,2,12.95,-0.23020833333333335
1,2,12.55,-0.23854166666666665
1,3,33.85,0.20520833333333333
0,3,33.43333333333334,0.19652777777777786
1,3,31.95,0.16562500000000002
0,3,31.15,0.1489583333333333
1,3,30.633333333333333,0.1381944444444444
1,3,28.2,0.08750000000000002
0,3,27.21666666666667,0.06701388888888893
1,4,44.416666666666664,0.4253472222222222
1,4,43.916666666666664,0.41493055555555547
1,4,42.06666666666666,0.3763888888888888
1,4,40.86666666666667,0.35138888888888886
1,4,40.4,0.3416666666666667
0,4,39.71666666666667,0.32743055555555556
1,1,11.266666666666667,-0.2652777777777777
0,1,10.866666666666667,-0.27361111111111114
0,1,8.65,-0.3197916666666667
1,1,7.566666666666666,-0.3423611111111111
0,1,5.45,-0.38645833333333335
1,1,4.516666666666667,-0.4059027777777778
0,1,3.966666666666667,-0.4173611111111111
0,2,19.483333333333334,-0.09409722222222222
1,2,18.733333333333334,-0.10972222222222222
0,2,17.316666666666666,-0.13923611111111112
1,2,16.916666666666668,-0.14756944444444442
0,2,15.95,-0.16770833333333335
0,2,15.933333333333334,-0.16805555555555557
1,2,15.4,-0.17916666666666664
1,2,13.133333333333333,-0.22638888888888892
1,2,12.566666666666666,-0.23819444444444443
0,3,34.78333333333333,0.2246527777777777
0,3,33.38333333333333,0.19548611111111114
0,3,32.266666666666666,0.17222222222222217
0,3,31.516666666666666,0.15659722222222217
1,3,30.383333333333333,0.13298611111111114
1,3,28.983333333333334,0.10381944444444446
0,4,42.68333333333334,0.3892361111111112
1,4,42.333333333333336,0.38194444444444453
1,4,41.1,0.35625000000000007
0,4,40.53333333333333,0.34444444444444444
0,4,38.583333333333336,0.30381944444444453
0,4,37.7,0.28541666666666676
1,4,36.766666666666666,0.26597222222222217
0,4,36.016666666666666,0.25034722222222217
1,1,11.266666666666667,-0.2652777777777777
1,1,8.016666666666667,-0.3329861111111111
0,1,6.05,-0.37395833333333334
1,1,4.45,-0.40729166666666666
0,1,3.316666666666667,-0.43090277777777775
1,1,2.933333333333333,-0.4388888888888889
1,2,19.75,-0.08854166666666669
0,2,19.28333333333333,-0.09826388888888893
0,2,14.533333333333333,-0.19722222222222224
0,2,14,-0.20833333333333331
0,2,13.866666666666667,-0.21111111111111108
1,2,12.983333333333333,-0.2295138888888889
0,2,12.1,-0.24791666666666667
0,3,33.06666666666666,0.18888888888888877
0,3,32.65,0.1802083333333333
0,3,30.116666666666667,0.1274305555555556
1,3,29.78333333333333,0.12048611111111107
1,3,28.566666666666666,0.09513888888888888
1,4,43.7,0.41041666666666676
1,4,39.81666666666667,0.329513888888889
0,4,38.7,0.30625
0,4,38.56666666666667,0.30347222222222225
0,4,37.96666666666667,0.2909722222222223
0,4,36.78333333333333,0.26631944444444444
0,4,36.61666666666667,0.26284722222222223
0,4,36.06666666666667,0.251388888888889
0,1,11.766666666666667,-0.2548611111111111
0,1,10.45,-0.2822916666666667
0,1,7.2,-0.35
1,1,6.733333333333333,-0.3597222222222222
1,1,5.4,-0.3875
0,1,3.533333333333333,-0.4263888888888889
1,2,13.7,-0.21458333333333335
0,2,13.216666666666667,-0.22465277777777776
1,2,12.15,-0.246875
0,3,33.733333333333334,0.20277777777777783
1,3,32.28333333333333,0.17256944444444444
0,3,30.15,0.12812499999999993
1,3,28.816666666666666,0.10034722222222225
0,4,44.45,0.42604166666666676
0,4,43.46666666666667,0.40555555555555556
1,4,42.61666666666667,0.38784722222222223
0,4,41.36666666666667,0.3618055555555556
1,4,40.61666666666667,0.3461805555555556
0,4,40.13333333333333,0.33611111111111114
0,4,37.833333333333336,0.28819444444444453
1,4,36.666666666666664,0.26388888888888884
0,4,36.25,0.25520833333333337
1,1,11.116666666666667,-0.26840277777777777
0,1,10.833333333333334,-0.2743055555555556
1,1,9.316666666666666,-0.30590277777777775
1,1,5.783333333333333,-0.3795138888888889
0,1,4.666666666666667,-0.4027777777777778
1,1,3.85,-0.4197916666666667
0,1,3.3833333333333333,-0.42951388888888886
0,1,2.3333333333333335,-0.4513888888888889
0,1,1.5333333333333334,-0.46805555555555556
0,1,0.15,-0.496875
0,2,18.85,-0.10729166666666662
0,2,14.566666666666666,-0.1965277777777778
0,3,33.68333333333334,0.20173611111111123
0,3,31.383333333333333,0.1538194444444444
0,3,30.933333333333334,0.1444444444444445
1,3,29.983333333333334,0.12465277777777783
1,3,27.066666666666666,0.06388888888888888
0,3,26.45,0.05104166666666665
1,3,24.1,0.002083333333333326
1,4,43.833333333333336,0.41319444444444453
0,4,43.416666666666664,0.40451388888888884
1,4,43.06666666666666,0.39722222222222214
0,4,42.5,0.38541666666666663
1,4,41.3,0.3604166666666666
0,4,40.93333333333334,0.35277777777777786
0,4,40.4,0.3416666666666667
1,4,39.03333333333333,0.31319444444444444
0,4,37.833333333333336,0.28819444444444453
0,4,37.233333333333334,0.27569444444444446
0,4,36.18333333333333,0.2538194444444444
1,1,11.7,-0.25625
0,1,8.816666666666666,-0.3163194444444445
1,1,8,-0.33333333333333337
1,1,6.3,-0.36875
0,1,5.9,-0.3770833333333333
1,1,4.316666666666666,-0.41006944444444443
0,2,17.5,-0.13541666666666669
1,2,17.5,-0.13541666666666669
1,2,16.933333333333334,-0.1472222222222222
0,2,14.8,-0.19166666666666665
0,2,12.55,-0.23854166666666665
0,2,12.05,-0.24895833333333334
1,3,33.03333333333333,0.18819444444444444
0,3,32.18333333333334,0.17048611111111123
0,3,29.183333333333334,0.10798611111111112
1,4,42.53333333333333,0.38611111111111107
0,4,41.18333333333334,0.3579861111111112
1,4,40.5,0.34375
1,4,39.083333333333336,0.31423611111111116
1,4,37.45,0.2802083333333334
1,1,6.15,-0.37187499999999996
1,1,4.75,-0.4010416666666667
1,1,4.333333333333333,-0.4097222222222222
0,1,3.8,-0.42083333333333334
0,2,19.53333333333333,-0.09305555555555561
0,2,18.566666666666666,-0.11319444444444443
0,2,18.5,-0.11458333333333331
0,2,17.85,-0.128125
1,2,17.266666666666666,-0.14027777777777778
1,2,16.45,-0.15729166666666666
1,2,16.016666666666666,-0.16631944444444446
1,2,14.416666666666666,-0.1996527777777778
0,2,12.716666666666667,-0.23506944444444444
0,3,34.333333333333336,0.2152777777777778
0,3,33.03333333333333,0.18819444444444444
0,3,30.983333333333334,0.1454861111111111
0,3,30.083333333333332,0.12673611111111105
0,3,27.4,0.0708333333333333
1,1,10.366666666666667,-0.28402777777777777
0,1,8.216666666666667,-0.32881944444444444
0,1,5.533333333333333,-0.38472222222222224
1,1,4.416666666666667,-0.4079861111111111
1,1,3.183333333333333,-0.43368055555555557
0,1,2.6,-0.4458333333333333
1,2,18.166666666666668,-0.12152777777777773
0,2,17.3,-0.13958333333333334
1,2,14.866666666666667,-0.19027777777777777
1,2,13.45,-0.21979166666666666
0,2,12.05,-0.24895833333333334
0,3,35.266666666666666,0.23472222222222217
1,3,30.96666666666667,0.14513888888888893
1,3,27.916666666666668,0.08159722222222221
1,3,26.566666666666666,0.053472222222222254
1,3,25.966666666666665,0.04097222222222219
0,4,42.78333333333333,0.39131944444444444
1,4,40.5,0.34375
1,4,39.3,0.31875
1,1,9.883333333333333,-0.29409722222222223
1,1,9.416666666666666,-0.3038194444444444
1,1,9.033333333333333,-0.31180555555555556
0,1,7.266666666666667,-0.3486111111111111
0,1,5.483333333333333,-0.3857638888888889
1,1,4.583333333333333,-0.4045138888888889
1,1,3.183333333333333,-0.43368055555555557
1,2,18.483333333333334,-0.11493055555555554
1,2,14.133333333333333,-0.20555555555555555
0,2,13.55,-0.21770833333333334
1,2,13.283333333333333,-0.22326388888888887
0,3,33.333333333333336,0.19444444444444453
0,3,32.733333333333334,0.18194444444444446
0,3,31.03333333333333,0.1465277777777777
1,3,30.21666666666667,0.12951388888888893
0,3,28.35,0.09062500000000007
0,3,27.183333333333334,0.06631944444444449
0,4,44.11666666666667,0.41909722222222223
1,4,44.016666666666666,0.4170138888888889
1,4,43.63333333333333,0.40902777777777777
0,4,42.86666666666667,0.3930555555555556
0,4,41.416666666666664,0.3628472222222222
1,4,39,0.3125
0,4,38.38333333333333,0.29965277777777777
1,1,11.483333333333333,-0.2607638888888889
0,1,10.266666666666667,-0.2861111111111111
0,1,8.616666666666667,-0.32048611111111114
1,1,6.166666666666667,-0.3715277777777778
0,1,5.6,-0.38333333333333336
1,1,2.8333333333333335,-0.4409722222222222
0,2,15.983333333333334,-0.16701388888888885
1,2,15.733333333333334,-0.17222222222222222
1,2,14.95,-0.18854166666666666
1,2,12.5,-0.23958333333333331
0,2,12.066666666666666,-0.24861111111111112
0,3,33.21666666666667,0.19201388888888893
1,3,32.43333333333334,0.1756944444444445
0,3,28.71666666666667,0.09826388888888893
0,3,27.9,0.08124999999999993
1,3,27.333333333333332,0.06944444444444442
0,1,10.65,-0.27812499999999996
0,1,9.883333333333333,-0.29409722222222223
1,1,7.016666666666667,-0.35381944444444446
0,1,5.916666666666667,-0.3767361111111111
1,1,5.683333333333334,-0.3815972222222222
0,1,5.166666666666667,-0.3923611111111111
1,1,3.4166666666666665,-0.4288194444444444
1,2,18.28333333333333,-0.11909722222222224
0,2,12.6,-0.2375
0,3,34.266666666666666,0.2138888888888889
1,3,32.25,0.171875
1,3,31.3,0.15208333333333335
0,3,30.28333333333333,0.1309027777777777
1,3,28.53333333333333,0.09444444444444444
1,3,27.35,0.0697916666666667
0,4,43.666666666666664,0.4097222222222222
1,4,42.666666666666664,0.38888888888888884
0,4,38.61666666666667,0.30451388888888886
0,4,36.21666666666667,0.25451388888888893
0,1,10.6,-0.2791666666666667
0,1,9.4,-0.3041666666666667
1,1,6.733333333333333,-0.3597222222222222
1,1,5.45,-0.38645833333333335
1,1,3.3333333333333335,-0.4305555555555556
0,2,19.116666666666667,-0.10173611111111108
1,2,17.083333333333332,-0.14409722222222227
1,2,14.9,-0.18958333333333333
1,2,12.85,-0.23229166666666667
0,2,12.55,-0.23854166666666665
0,2,12.033333333333333,-0.24930555555555556
1,3,34.083333333333336,0.21006944444444453
1,3,32.96666666666667,0.18680555555555556
0,3,28.883333333333333,0.10173611111111114
0,1,7.983333333333333,-0.33368055555555554
0,1,7.533333333333333,-0.34305555555555556
0,1,6.383333333333334,-0.36701388888888886
0,1,4.216666666666667,-0.41215277777777776
0,1,3.8,-0.42083333333333334
0,2,18.633333333333333,-0.11180555555555555
1,2,15.016666666666666,-0.18715277777777778
0,2,14.666666666666666,-0.19444444444444448
1,2,14.183333333333334,-0.20451388888888888
0,2,13.283333333333333,-0.22326388888888887
1,3,32.8,0.18333333333333324
1,3,32.25,0.171875
0,3,30.85,0.14270833333333333
1,3,29.9,0.12291666666666667
0,3,27.4,0.0708333333333333
0,3,27.15,0.06562499999999993
1,4,40.63333333333333,0.34652777777777777
0,4,38.61666666666667,0.30451388888888886
0,4,37.03333333333333,0.2715277777777777
0,4,36.86666666666667,0.2680555555555556
1,1,10,-0.29166666666666663
0,1,9.083333333333334,-0.31076388888888884
1,1,8.616666666666667,-0.32048611111111114
1,1,5.783333333333333,-0.3795138888888889
1,1,4.833333333333333,-0.3993055555555556
1,1,4.333333333333333,-0.4097222222222222
1,1,3.783333333333333,-0.42118055555555556
0,2,18.916666666666668,-0.10590277777777773
0,2,17.71666666666667,-0.13090277777777776
1,2,17.1,-0.14375
1,2,12.616666666666667,-0.23715277777777777
0,3,34.46666666666667,0.21805555555555556
0,3,33.86666666666667,0.2055555555555556
1,3,33.28333333333333,0.1934027777777777
1,3,31.483333333333334,0.15590277777777783
1,3,29.183333333333334,0.10798611111111112
1,3,28.416666666666668,0.09201388888888895
1,1,11.616666666666667,-0.25798611111111114
0,1,8.483333333333333,-0.3232638888888889
0,2,20.183333333333334,-0.07951388888888888
0,1,11.75,-0.25520833333333337
1,1,11.133333333333333,-0.2680555555555556
1,1,9.416666666666666,-0.3038194444444444
0,1,6.333333333333333,-0.3680555555555556
0,1,5.75,-0.3802083333333333
1,1,5.166666666666667,-0.3923611111111111
1,2,20.666666666666664,-0.06944444444444448
0,2,15.683333333333334,-0.17326388888888888
1,2,14.25,-0.203125
1,2,12.016666666666667,-0.24965277777777778
0,3,32.083333333333336,0.1684027777777778
0,3,31.483333333333334,0.15590277777777783
1,3,31.083333333333332,0.14756944444444442
0,3,30.516666666666666,0.1357638888888889
1,3,30.5,0.13541666666666663
0,3,29.4,0.11249999999999993
1,3,29.03333333333333,0.10486111111111107
0,4,43.85,0.4135416666666667
1,4,42.71666666666667,0.38993055555555556
0,4,42.016666666666666,0.37534722222222217
0,4,39.833333333333336,0.32986111111111116
